{"test_loss":0.1418837606906891,"_timestamp":1.7428228839954548e+09,"_runtime":35.9668553,"_step":10,"Prediction":{"width":1200,"height":4000,"_type":"image-file","sha256":"d82eed14a4b263182c895020c470ddfaf4a7e98ce0437eadb62464395b5eb006","size":1285816,"path":"media/images/Prediction_10_d82eed14a4b263182c89.png","format":"png"},"_wandb":{"runtime":65},"epoch":9,"train_loss":0.12455853819847107}