{"_step":9,"_wandb":{"runtime":19},"epoch":9,"train_loss":0.1162947565317154,"test_loss":0.18989232182502747,"_timestamp":1.7428225810509496e+09,"_runtime":19.6883847}